Make,Model,Vehicle_Model,Year,Mileage,Engine_Size,Fuel_Type,Transmission,Price
NISSAN,NOTE E POWER MEDALIST,NISSAN NOTE E POWER MEDALIST,2017,160000,1200,HYBRID(PETROL),AT,2700.0
NISSAN,NOTE X,NISSAN NOTE X,2016,76000,1200,PETROL,AT,2530.0
NISSAN,NOTE X DIG-S,NISSAN NOTE X DIG-S,2016,77000,1200,PETROL,AT,2530.0
SUBARU,XV 2.0I L EYESIGHT,SUBARU XV 2.0I L EYESIGHT,2014,78000,1995,PETROL,AT,3120.0
NISSAN,XTRAIL 20X,NISSAN XTRAIL 20X,2014,165000,2000,PETROL,AT,3490.0
TOYOTA,WISH 2.0Z,TOYOTA WISH 2.0Z,2010,128000,2000,PETROL,AT,2260.0
NISSAN,XTRAIL 20XT,NISSAN XTRAIL 20XT,2009,205000,2000,PETROL,AT,2180.0
NISSAN,XTRAIL 20X,NISSAN XTRAIL 20X,2009,152000,2000,PETROL,AT,2210.0
TOYOTA,VITZ JEWELA,TOYOTA VITZ JEWELA,2017,129000,1300,PETROL,AT,4240.0
HONDA,STEPWAGON SPADA Z,HONDA STEPWAGON SPADA Z,2013,185000,2000,PETROL,AT,1620.0
HONDA,VEZEL HYBRID X HONDA SENSING,HONDA VEZEL HYBRID X HONDA SENSING,2021,53000,1500,HYBRID(PETROL),AT,10900.0
HONDA,VEZEL HYBRID X HONDA SENSING BRILLIANT STYLE EDITION,HONDA VEZEL HYBRID X HONDA SENSING BRILLIANT STYLE EDITION,2017,98000,1500,HYBRID(PETROL),AT,8150.0
TOYOTA,MARK X 250G,TOYOTA MARK X 250G,2016,78000,2490,PETROL,AT,6780.0
TOYOTA,LAND CRUISER PRADO TX L PKG MATT BLACK EDITION,TOYOTA LAND CRUISER PRADO TX L PKG MATT BLACK EDITION,2023,20000,2693,PETROL,AT,30550.0
HONDA,FREED HYBRID EX,HONDA FREED HYBRID EX,2017,185000,1496,HYBRID(PETROL),AT,3880.0
DAIHATSU,MIRA X LTD ER,DAIHATSU MIRA X LTD ER,2009,72000,660,PETROL,AT,1000.0
HONDA,FIT HYBRID HYBRID F PACKAGE,HONDA FIT HYBRID HYBRID F PACKAGE,2014,170000,1496,HYBRID(PETROL),AT,2040.0
MAZDA,BIANTE 20S SKYACTIV,MAZDA BIANTE 20S SKYACTIV,2013,125000,2000,PETROL,AT,1290.0
TOYOTA,ALPHARD AS PLATINUM  SELECTION II,TOYOTA ALPHARD AS PLATINUM  SELECTION II,2008,142000,2400,PETROL,AT,2460.0
MAZDA,CX5 XD,MAZDA CX5 XD,2014,109000,2200,DIESEL,AT,3180.0
MAZDA,CX5 XD,MAZDA CX5 XD,2014,80000,2200,DIESEL,AT,3180.0
MAZDA,CX5 XD L PKG,MAZDA CX5 XD L PKG,2014,96000,2200,DIESEL,AT,3200.0
TOYOTA,VANGUARD 240S,TOYOTA VANGUARD 240S,2009,181000,2400,PETROL,AT,5000.0
NISSAN,JUKE 15RS TYPE V,NISSAN JUKE 15RS TYPE V,2013,82000,1500,PETROL,AT,2600.0
TOYOTA,HILUX SURF SSR X LTD,TOYOTA HILUX SURF SSR X LTD,2008,176000,2700,PETROL,AT,9000.0
HONDA,FIT 13G L HONDA SENSING,HONDA FIT 13G L HONDA SENSING,2019,39000,1317,PETROL,AT,5800.0
TOYOTA,PROBOX VAN DX,TOYOTA PROBOX VAN DX,2002,154000,1500,PETROL,AT,3100.0
TOYOTA,PROBOX VAN GL,TOYOTA PROBOX VAN GL,2014,183000,1500,PETROL,AT,3250.0
TOYOTA,RAUM HID SELECTION,TOYOTA RAUM HID SELECTION,2009,51000,1500,PETROL,AT,2300.0
TOYOTA,HIACE VAN DX,TOYOTA HIACE VAN DX,2016,182000,3000,DIESEL,5MT,9300.0
TOYOTA,VOXY ZS KIRAMEKI,TOYOTA VOXY ZS KIRAMEKI,2009,202000,2000,PETROL,AT,1940.0
TOYOTA,SUCCEED WAGON TX G PACKAGE,TOYOTA SUCCEED WAGON TX G PACKAGE,2009,148000,1496,PETROL,AT,3050.0
TOYOTA,RACTIS G L PKG,TOYOTA RACTIS G L PKG,2008,29000,1500,PETROL,AT,2250.0
MAZDA,DEMIO SPORT,MAZDA DEMIO SPORT,2013,227000,1498,PETROL,AT,1350.0
TOYOTA,COROLLA FIELDER HYBRID,TOYOTA COROLLA FIELDER HYBRID,2019,191000,1500,HYBRID(PETROL),AT,5850.0
TOYOTA,COROLLA FIELDER HYBRID,TOYOTA COROLLA FIELDER HYBRID,2019,153000,1500,HYBRID(PETROL),AT,6200.0
TOYOTA,COROLLA FIELDER HYBRID,TOYOTA COROLLA FIELDER HYBRID,2019,120000,1500,HYBRID(PETROL),AT,6500.0
TOYOTA,AQUA L,TOYOTA AQUA L,2021,148000,1500,HYBRID(PETROL),AT,4100.0
TOYOTA,CROWN ROYAL SALOON ANNIVERSARY EDITION,TOYOTA CROWN ROYAL SALOON ANNIVERSARY EDITION,2009,84000,2500,PETROL,AT,2680.0
HONDA,FIT G SMART SELECTION,HONDA FIT G SMART SELECTION,2011,112000,1300,PETROL,AT,1750.0
SUZUKI,JIMNY XC,SUZUKI JIMNY XC,2002,157000,660,PETROL,AT,1600.0
HONDA,VEZEL HYBRID X HONDA SENSING,HONDA VEZEL HYBRID X HONDA SENSING,2018,141000,1500,HYBRID(PETROL),AT,8100.0
MAZDA,CX3 XD TOURING,MAZDA CX3 XD TOURING,2015,135000,1500,DIESEL,AT,3450.0
LAND,ROVER RANGE ROVER EVOQUE PRESTIGE,LAND ROVER RANGE ROVER EVOQUE PRESTIGE,2014,94000,2000,PETROL,AT,6900.0
TOYOTA,COROLLA AXIO G,TOYOTA COROLLA AXIO G,2013,41000,1490,PETROL,AT,4480.0
HONDA,N VAN L HONDA SENSING,HONDA N VAN L HONDA SENSING,2020,199000,660,PETROL,AT,1980.0
SUZUKI,SWIFT SPORT SPORT,SUZUKI SWIFT SPORT SPORT,2012,151000,1600,PETROL,MT,2200.0
TOYOTA,PORTE F,TOYOTA PORTE F,2012,66000,1500,PETROL,AT,1500.0
NISSAN,NOTE X FOUR,NISSAN NOTE X FOUR,2015,123000,1200,PETROL,AT,1200.0
NISSAN,NOTE X DIG-S V SELECTION + SAFETY,NISSAN NOTE X DIG-S V SELECTION + SAFETY,2015,122000,1200,PETROL,AT,1450.0
TOYOTA,TOWNACE VAN DX,TOYOTA TOWNACE VAN DX,2022,144000,1500,PETROL,5MT,5800.0
TOYOTA,TOWNACE VAN DX,TOYOTA TOWNACE VAN DX,2016,274000,1500,PETROL,AT,3000.0
TOYOTA,YARIS X,TOYOTA YARIS X,2021,104000,1000,PETROL,AT,4800.0
TOYOTA,YARIS X,TOYOTA YARIS X,2021,75000,1000,PETROL,AT,5100.0
TOYOTA,YARIS X,TOYOTA YARIS X,2021,100000,1000,PETROL,AT,4800.0
TOYOTA,YARIS X,TOYOTA YARIS X,2021,105000,1000,PETROL,AT,4800.0
TOYOTA,YARIS X,TOYOTA YARIS X,2021,118000,1000,PETROL,AT,4800.0
TOYOTA,YARIS X,TOYOTA YARIS X,2021,97000,1000,PETROL,AT,4900.0
TOYOTA,YARIS X,TOYOTA YARIS X,2021,101000,1000,PETROL,AT,4700.0
TOYOTA,YARIS X,TOYOTA YARIS X,2021,95000,1000,PETROL,AT,4700.0
TOYOTA,YARIS X,TOYOTA YARIS X,2021,91000,1000,PETROL,AT,5000.0
TOYOTA,YARIS X,TOYOTA YARIS X,2021,121000,1000,PETROL,AT,4600.0
TOYOTA,VITZ JEWELA,TOYOTA VITZ JEWELA,2013,105000,1300,PETROL,AT,2400.0
TOYOTA,SUCCEED VAN UL X,TOYOTA SUCCEED VAN UL X,2017,160000,1500,PETROL,AT,4200.0
TOYOTA,REGIUSACE VAN DX GL PKG,TOYOTA REGIUSACE VAN DX GL PKG,2016,128000,3000,DIESEL,AT,10200.0
TOYOTA,REGIUSACE VAN SUPER GL LONG DIESEL TURBO,TOYOTA REGIUSACE VAN SUPER GL LONG DIESEL TURBO,2013,210000,2982,DIESEL,AT,6200.0
TOYOTA,PROBOX VAN DX COMFORT,TOYOTA PROBOX VAN DX COMFORT,2020,172000,1300,PETROL,AT,5110.0
TOYOTA,PROBOX VAN DX,TOYOTA PROBOX VAN DX,2019,172000,1300,PETROL,AT,4800.0
TOYOTA,PROBOX VAN DX COMFORT,TOYOTA PROBOX VAN DX COMFORT,2017,150000,1300,PETROL,AT,4600.0
NISSAN,NV200VANETTE VAN DX,NISSAN NV200VANETTE VAN DX,2017,78000,1600,PETROL,MT,5000.0
TOYOTA,HIACE VAN DX GL PKG,TOYOTA HIACE VAN DX GL PKG,2020,150000,2700,PETROL,AT,15500.0
TOYOTA,HIACE VAN JUST LOW DX,TOYOTA HIACE VAN JUST LOW DX,2004,181000,2000,PETROL,AT,9400.0
TOYOTA,COROLLA FIELDER HYBRID EX,TOYOTA COROLLA FIELDER HYBRID EX,2020,110000,1500,HYBRID(PETROL),AT,6200.0
TOYOTA,VELLFIRE 2.4X,TOYOTA VELLFIRE 2.4X,2009,134000,2400,PETROL,AT,2910.0
TOYOTA,SIENTA DICE LIMITED,TOYOTA SIENTA DICE LIMITED,2012,69000,1500,PETROL,AT,2800.0
MAZDA,AXELA SPORT 22XD L PKG,MAZDA AXELA SPORT 22XD L PKG,2016,197000,2200,DIESEL,AT,2500.0
SUZUKI,ALTO L,SUZUKI ALTO L,2017,84000,660,PETROL,AT,1500.0
SUZUKI,ALTO G II,SUZUKI ALTO G II,2009,67000,660,PETROL,AT,750.0
MERCEDES,A CLASS A180M,MERCEDES A CLASS A180M,2015,46000,1600,PETROL,AT,5000.0
MAZDA,AXELA SPORT 20S TOURING,MAZDA AXELA SPORT 20S TOURING,2014,113000,2000,PETROL,AT,2770.0
HONDA,FIT HYBRID HYBRID F PKG,HONDA FIT HYBRID HYBRID F PKG,2013,98000,1500,HYBRID(PETROL),AT,2360.0
HONDA,FREED G JUST SELECTION,HONDA FREED G JUST SELECTION,2010,101000,1500,PETROL,AT,1230.0
TOYOTA,VOXY ZS,TOYOTA VOXY ZS,2016,188000,1800,HYBRID(PETROL),AT,5940.0
TOYOTA,ALPHARD G MZ G EDITION 4WD,TOYOTA ALPHARD G MZ G EDITION 4WD,2005,90000,2994,PETROL,AT,2590.0
MAZDA,BIANTE I STOP SMART EDITION II,MAZDA BIANTE I STOP SMART EDITION II,2011,113000,2000,PETROL,AT,1290.0
TOYOTA,NOAH S,TOYOTA NOAH S,2010,224000,2000,PETROL,AT,2910.0
TOYOTA,VANGUARD 240S,TOYOTA VANGUARD 240S,2009,154000,2400,PETROL,AT,6000.0
TOYOTA,NOAH X G SELECTION,TOYOTA NOAH X G SELECTION,2004,128000,2000,PETROL,AT,1810.0
TOYOTA,RAV4 HYBRID G,TOYOTA RAV4 HYBRID G,2019,90000,2500,HYBRID(PETROL),AT,15800.0
NISSAN,JUKE 15RX,NISSAN JUKE 15RX,2015,240000,1500,PETROL,AT,2200.0
DAIHATSU,MOVE CUSTOM X SA,DAIHATSU MOVE CUSTOM X SA,2013,202000,660,PETROL,AT,850.0
SUBARU,FORESTER 2.0XT EYESITE,SUBARU FORESTER 2.0XT EYESITE,2013,117000,2000,PETROL,AT,4200.0
SUBARU,FORESTER 2.0XT EYESITE,SUBARU FORESTER 2.0XT EYESITE,2013,112000,2000,PETROL,AT,4200.0
DAIHATSU,MIRA ES L,DAIHATSU MIRA ES L,2015,183000,660,PETROL,AT,1500.0
DAIHATSU,MIRA ES L,DAIHATSU MIRA ES L,2015,124000,660,PETROL,AT,1550.0
DAIHATSU,MIRA ES L,DAIHATSU MIRA ES L,2015,166000,660,PETROL,AT,1500.0
NISSAN,TIIDA 15M,NISSAN TIIDA 15M,2010,46000,1500,PETROL,AT,1200.0
NISSAN,TIIDA 15S,NISSAN TIIDA 15S,2008,20000,1500,PETROL,AT,1300.0
VOLKSWAGEN,POLO unknown,VOLKSWAGEN POLO unknown,2011,64000,1200,PETROL,AT,1600.0
TOYOTA,PIXIS EPOCH L,TOYOTA PIXIS EPOCH L,2013,73000,660,PETROL,AT,1550.0
DAIHATSU,MOVE L,DAIHATSU MOVE L,2014,159000,660,PETROL,AT,1000.0
DAIHATSU,MOVE L,DAIHATSU MOVE L,2007,96000,660,PETROL,AT,750.0
DAIHATSU,MIRA ES L SA3,DAIHATSU MIRA ES L SA3,2018,61000,660,PETROL,AT,2050.0
DAIHATSU,MIRA ES L SA3,DAIHATSU MIRA ES L SA3,2019,59000,660,PETROL,AT,2700.0
DAIHATSU,MIRA ES X SA3,DAIHATSU MIRA ES X SA3,2018,101000,660,PETROL,AT,2000.0
DAIHATSU,MIRA ES L,DAIHATSU MIRA ES L,2017,149000,660,PETROL,AT,1650.0
DAIHATSU,MIRA ES X,DAIHATSU MIRA ES X,2012,83000,660,PETROL,AT,1250.0
HONDA,FIT G F PKG,HONDA FIT G F PKG,2009,142000,1300,PETROL,AT,1700.0
MAZDA,DEMIO 13S TOURING PKG,MAZDA DEMIO 13S TOURING PKG,2017,81000,1300,PETROL,AT,3560.0
TOYOTA,AQUA S STYLE BLACK,TOYOTA AQUA S STYLE BLACK,2017,84000,1500,HYBRID(PETROL),AT,3800.0
TOYOTA,COROLLA AXIO G,TOYOTA COROLLA AXIO G,2009,109000,1500,PETROL,AT,3080.0
TOYOTA,COROLLA AXIO X,TOYOTA COROLLA AXIO X,2018,53000,1500,PETROL,AT,6390.0
TOYOTA,COROLLA AXIO G,TOYOTA COROLLA AXIO G,2015,115000,1500,PETROL,AT,4280.0
MITSUBISHI,CANTER TRUCK 3.25t 5STEP CRANE,MITSUBISHI CANTER TRUCK 3.25t 5STEP CRANE,1994,28000,4600,DIESEL,MT,21290.0
ISUZU,ELF TRUCK 1.95t FLAT BODY,ISUZU ELF TRUCK 1.95t FLAT BODY,2005,122000,4770,DIESEL,SMOOTHER,5460.0
MITSUBISHI,CANTER TRUCK 2.0t FLAT BODY,MITSUBISHI CANTER TRUCK 2.0t FLAT BODY,2018,291000,2990,DIESEL,DUONIC,7460.0
ISUZU,ELF TRUCK 3.0t FLAT BODY,ISUZU ELF TRUCK 3.0t FLAT BODY,2011,269000,3000,DIESEL,6MT,7170.0
HONDA,FIT G,HONDA FIT G,2010,70000,1300,PETROL,AT,1750.0
TOYOTA,AQUA X,TOYOTA AQUA X,2022,77000,1500,HYBRID(PETROL),AT,6950.0
TOYOTA,COROLLA RUMION 1.5G,TOYOTA COROLLA RUMION 1.5G,2010,176000,1500,PETROL,AT,2590.0
TOYOTA,WISH Z,TOYOTA WISH Z,2005,127000,2000,PETROL,AT,2490.0
MAZDA,PREMACY 20CS,MAZDA PREMACY 20CS,2011,80000,2000,PETROL,AT,1100.0
TOYOTA,WISH Z,TOYOTA WISH Z,2008,141000,2000,PETROL,AT,2100.0
HONDA,FREED G JUST SELECTION,HONDA FREED G JUST SELECTION,2011,257000,1500,PETROL,AT,1150.0
TOYOTA,ALPHARD 2.4AS,TOYOTA ALPHARD 2.4AS,2005,206000,2400,PETROL,AT,2220.0
TOYOTA,SIENTA X,TOYOTA SIENTA X,2007,220000,1500,PETROL,AT,1710.0
TOYOTA,SIENTA X LTD,TOYOTA SIENTA X LTD,2009,90000,1500,PETROL,AT,2200.0
TOYOTA,ISIS PLATANA LIMITED,TOYOTA ISIS PLATANA LIMITED,2008,50000,2000,PETROL,AT,1520.0
HONDA,STEPWAGON SPADA S,HONDA STEPWAGON SPADA S,2012,98000,2000,PETROL,AT,1750.0
HONDA,STEPWAGON SPADA SPADA S,HONDA STEPWAGON SPADA SPADA S,2010,110000,2000,PETROL,AT,1500.0
TOYOTA,YARIS X,TOYOTA YARIS X,2021,107000,1000,PETROL,AT,4900.0
TOYOTA,YARIS X,TOYOTA YARIS X,2021,114000,1000,PETROL,AT,4800.0
TOYOTA,YARIS X,TOYOTA YARIS X,2021,90000,1000,PETROL,AT,4900.0
TOYOTA,YARIS X,TOYOTA YARIS X,2021,105000,1000,PETROL,AT,4900.0
TOYOTA,YARIS X,TOYOTA YARIS X,2021,110000,1000,PETROL,AT,4900.0
TOYOTA,YARIS X,TOYOTA YARIS X,2021,111000,1000,PETROL,AT,4800.0
TOYOTA,VITZ F SAFETY  EDITION III,TOYOTA VITZ F SAFETY  EDITION III,2020,74000,1000,PETROL,AT,5200.0
TOYOTA,PORTE G,TOYOTA PORTE G,2015,72000,1500,PETROL,AT,1600.0
TOYOTA,BLADE G,TOYOTA BLADE G,2007,42000,2400,PETROL,AT,1860.0
DAIHATSU,MIRA MEMORIAL EDITION,DAIHATSU MIRA MEMORIAL EDITION,2008,74000,660,PETROL,AT,1100.0
TOYOTA,VITZ F CIEL,TOYOTA VITZ F CIEL,2013,103000,1300,PETROL,AT,2800.0
DAIHATSU,MIRA X LTD,DAIHATSU MIRA X LTD,2007,177000,660,PETROL,AT,1000.0
HONDA,FIT HYBRID HYBRID L HONDA SENSING,HONDA FIT HYBRID HYBRID L HONDA SENSING,2017,39000,1500,HYBRID(PETROL),AT,5400.0
TOYOTA,VITZ F,TOYOTA VITZ F,2013,97000,1300,PETROL,AT,2800.0
TOYOTA,SUCCEED WAGON TX G PKG LTD,TOYOTA SUCCEED WAGON TX G PKG LTD,2007,196000,1500,PETROL,AT,3040.0
TOYOTA,SUCCEED WAGON TX G PKG,TOYOTA SUCCEED WAGON TX G PKG,2012,111000,1500,PETROL,AT,3620.0
SUZUKI,SOLIO X,SUZUKI SOLIO X,2012,101000,1240,PETROL,AT,850.0
TOYOTA,PIXIS SPACE X,TOYOTA PIXIS SPACE X,2013,70000,660,PETROL,AT,840.0
TOYOTA,NOAH XL SELECTION,TOYOTA NOAH XL SELECTION,2010,144000,1980,PETROL,AT,2590.0
MITSUBISHI,EK WAGON MX,MITSUBISHI EK WAGON MX,2013,77000,660,PETROL,AT,940.0
MITSUBISHI,EK WAGON G,MITSUBISHI EK WAGON G,2019,72000,660,PETROL,AT,2770.0
MITSUBISHI,EK WAGON GS,MITSUBISHI EK WAGON GS,2013,138000,660,PETROL,AT,940.0
MITSUBISHI,EK WAGON MX,MITSUBISHI EK WAGON MX,2011,173000,660,PETROL,AT,810.0
TOYOTA,NOAH X V SELECTION,TOYOTA NOAH X V SELECTION,2004,170000,2000,PETROL,AT,1780.0
MITSUBISHI,DELICA D2 S,MITSUBISHI DELICA D2 S,2013,152000,1200,PETROL,AT,950.0
SUZUKI,SWIFT XG,SUZUKI SWIFT XG,2022,83000,1242,PETROL,AT,6000.0
SUZUKI,SWIFT RS DJE,SUZUKI SWIFT RS DJE,2015,135000,1200,PETROL,AT,2200.0
SUZUKI,SWIFT XG,SUZUKI SWIFT XG,2008,50000,1200,PETROL,AT,1200.0
TOYOTA,RAUM G PKG,TOYOTA RAUM G PKG,2003,47000,1500,PETROL,AT,2350.0
NISSAN,XTRAIL 20S EMERGENCY BRAKE PKG,NISSAN XTRAIL 20S EMERGENCY BRAKE PKG,2017,149000,2000,PETROL,AT,5670.0
TOYOTA,VANGUARD 240S,TOYOTA VANGUARD 240S,2013,73000,2400,PETROL,AT,6500.0
MITSUBISHI,RVR E,MITSUBISHI RVR E,2010,44000,1800,PETROL,AT,3600.0
TOYOTA,RACTIS,TOYOTA RACTIS,2007,132000,1500,PETROL,AT,2050.0
TOYOTA,PASSO G,TOYOTA PASSO G,2013,83000,1300,PETROL,AT,1550.0
NISSAN,XTRAIL 20X HYBRID EMERGENCY BRAKE PKG,NISSAN XTRAIL 20X HYBRID EMERGENCY BRAKE PKG,2017,85000,2000,HYBRID(PETROL),AT,5720.0
NISSAN,XTRAIL 20XTT,NISSAN XTRAIL 20XTT,2010,104000,2000,PETROL,AT,2330.0
MAZDA,DEMIO 13S,MAZDA DEMIO 13S,2015,151000,1300,PETROL,AT,2550.0
MAZDA,DEMIO 13S,MAZDA DEMIO 13S,2015,184000,1300,PETROL,AT,2550.0
NISSAN,TIIDA 15S,NISSAN TIIDA 15S,2007,37000,1500,PETROL,AT,1200.0
NISSAN,MARCH X,NISSAN MARCH X,2016,76000,1200,PETROL,AT,1930.0
HONDA,SHUTTLE HYBRID HONDA SENSING,HONDA SHUTTLE HYBRID HONDA SENSING,2020,118000,1500,HYBRID(PETROL),AT,5290.0
TOYOTA,MARK X 250G RELAX SELECTION,TOYOTA MARK X 250G RELAX SELECTION,2010,107000,2500,PETROL,AT,3130.0
TOYOTA,CROWN ATHLETE,TOYOTA CROWN ATHLETE,2008,186000,3500,PETROL,AT,2980.0
HONDA,FIT G,HONDA FIT G,2011,208000,1300,PETROL,AT,1760.0
LEXUS,IS IS250C VERSION L,LEXUS IS IS250C VERSION L,2009,162000,2500,PETROL,AT,3480.0
TOYOTA,CROWN ROYAL SALOON NAVI PKG,TOYOTA CROWN ROYAL SALOON NAVI PKG,2008,202000,2490,PETROL,AT,2280.0
MAZDA,DEMIO CASUAL FRIEND PKG,MAZDA DEMIO CASUAL FRIEND PKG,2003,52000,1300,PETROL,AT,1000.0
MAZDA,DEMIO XD TOURING,MAZDA DEMIO XD TOURING,2015,181000,1500,DIESEL,AT,2000.0
MAZDA,DEMIO XD TOURING,MAZDA DEMIO XD TOURING,2015,101000,1500,DIESEL,AT,2050.0
MAZDA,DEMIO XD,MAZDA DEMIO XD,2014,128000,1500,DIESEL,AT,2000.0
MAZDA,DEMIO 13S TOURING,MAZDA DEMIO 13S TOURING,2018,207000,1300,PETROL,AT,3550.0
TOYOTA,COROLLA AXIO HYBRID,TOYOTA COROLLA AXIO HYBRID,2019,119000,1500,HYBRID(PETROL),AT,6080.0
MAZDA,DEMIO 13S TOURING,MAZDA DEMIO 13S TOURING,2016,53000,1300,PETROL,AT,2900.0
MAZDA,DEMIO 13 SKYACTIV,MAZDA DEMIO 13 SKYACTIV,2013,155000,1300,PETROL,AT,1500.0
TOYOTA,CROWN ATHLETE ANNIVERSARY EDITION,TOYOTA CROWN ATHLETE ANNIVERSARY EDITION,2009,167000,2500,PETROL,AT,3380.0
MAZDA,DEMIO 13C SMART EDITION,MAZDA DEMIO 13C SMART EDITION,2011,142000,1300,PETROL,AT,1250.0
TOYOTA,COROLLA RUNX X G EDITION,TOYOTA COROLLA RUNX X G EDITION,2002,116000,1500,PETROL,AT,3050.0
NISSAN,NOTE X,NISSAN NOTE X,2020,71000,1200,PETROL,AT,4000.0
NISSAN,NOTE MEDALIST X,NISSAN NOTE MEDALIST X,2016,174000,1200,PETROL,AT,2430.0
HONDA,FIT HYBRID HYBRID F PACKAGE,HONDA FIT HYBRID HYBRID F PACKAGE,2017,42000,1500,HYBRID(PETROL),AT,4800.0
HONDA,FIT HYBRID HYBRID L PACKAGE,HONDA FIT HYBRID HYBRID L PACKAGE,2014,69000,1500,HYBRID(PETROL),AT,2700.0
SUZUKI,SWIFT SPORT SPORT,SUZUKI SWIFT SPORT SPORT,2015,121000,1600,PETROL,MT,2700.0
TOYOTA,PORTE X,TOYOTA PORTE X,2015,137000,1500,PETROL,AT,1500.0
TOYOTA,PORTE X,TOYOTA PORTE X,2013,176000,1300,PETROL,AT,1200.0
SUZUKI,ALTO L,SUZUKI ALTO L,2019,83000,660,PETROL,AT,2500.0
NISSAN,CUBE 15X,NISSAN CUBE 15X,2016,105000,1500,PETROL,AT,2430.0
TOYOTA,YARIS X,TOYOTA YARIS X,2021,102000,1000,PETROL,AT,5000.0
TOYOTA,VITZ F,TOYOTA VITZ F,2019,195000,1300,PETROL,AT,5900.0
TOYOTA,VITZ F CIEL,TOYOTA VITZ F CIEL,2013,105000,1300,PETROL,AT,2700.0
TOYOTA,VITZ F,TOYOTA VITZ F,2019,171000,1300,PETROL,AT,5900.0
TOYOTA,VITZ F LIMITED  II,TOYOTA VITZ F LIMITED  II,2010,103000,1000,PETROL,AT,1500.0
TOYOTA,VITZ F,TOYOTA VITZ F,2019,73000,1300,PETROL,AT,6620.0
VOLVO,S60 T4 R DESIGN,VOLVO S60 T4 R DESIGN,2013,117000,1600,PETROL,AT,1580.0
TOYOTA,TOWNACE VAN GL,TOYOTA TOWNACE VAN GL,2021,134000,1500,PETROL,AT,5850.0
TOYOTA,TOWNACE VAN DX,TOYOTA TOWNACE VAN DX,2021,150000,1500,PETROL,AT,5500.0
TOYOTA,TOWNACE VAN GL,TOYOTA TOWNACE VAN GL,2021,183000,1500,PETROL,AT,5310.0
TOYOTA,TOWNACE VAN DX,TOYOTA TOWNACE VAN DX,2021,173000,1500,PETROL,5MT,5700.0
TOYOTA,TOWNACE VAN DX,TOYOTA TOWNACE VAN DX,2017,121000,1500,PETROL,AT,4500.0
TOYOTA,TOWNACE VAN GL,TOYOTA TOWNACE VAN GL,2017,138000,1500,PETROL,AT,4500.0
TOYOTA,TOWNACE VAN GL,TOYOTA TOWNACE VAN GL,2011,128000,1500,PETROL,AT,2300.0
TOYOTA,MARK X 250G FOUR,TOYOTA MARK X 250G FOUR,2018,100000,2500,PETROL,AT,7200.0
TOYOTA,SUCCEED VAN UL-X,TOYOTA SUCCEED VAN UL-X,2020,192000,1500,PETROL,AT,5950.0
TOYOTA,SUCCEED VAN UL,TOYOTA SUCCEED VAN UL,2018,175000,1500,PETROL,AT,4600.0
TOYOTA,SUCCEED VAN UL,TOYOTA SUCCEED VAN UL,2019,53000,1500,PETROL,AT,6700.0
TOYOTA,REGIUSACE VAN DX,TOYOTA REGIUSACE VAN DX,2013,393000,3000,DIESEL,AT,6400.0
TOYOTA,REGIUSACE VAN DX GL PKG,TOYOTA REGIUSACE VAN DX GL PKG,2016,84000,3000,DIESEL,AT,10510.0
TOYOTA,PROBOX VAN DX COMFORT,TOYOTA PROBOX VAN DX COMFORT,2021,275000,1300,PETROL,AT,4950.0
TOYOTA,PROBOX VAN DX  COMFORT,TOYOTA PROBOX VAN DX  COMFORT,2021,58000,1300,PETROL,AT,5600.0
TOYOTA,PROBOX VAN DX COMFORT,TOYOTA PROBOX VAN DX COMFORT,2020,112000,1300,PETROL,AT,5250.0
TOYOTA,PROBOX VAN DX COMFORT,TOYOTA PROBOX VAN DX COMFORT,2020,120000,1300,PETROL,AT,5260.0
TOYOTA,PROBOX VAN DX COMFORT,TOYOTA PROBOX VAN DX COMFORT,2020,82000,1300,PETROL,AT,5360.0
TOYOTA,PROBOX VAN DX COMFORT,TOYOTA PROBOX VAN DX COMFORT,2020,138000,1300,PETROL,AT,5200.0
TOYOTA,PROBOX VAN DX COMFORT,TOYOTA PROBOX VAN DX COMFORT,2019,168000,1320,PETROL,AT,4850.0
TOYOTA,PROBOX VAN DX COMFORT,TOYOTA PROBOX VAN DX COMFORT,2017,147000,1300,PETROL,AT,4600.0
TOYOTA,PROBOX VAN GL,TOYOTA PROBOX VAN GL,2017,108000,1500,PETROL,AT,4710.0
TOYOTA,PROBOX VAN DX COMFORT,TOYOTA PROBOX VAN DX COMFORT,2015,122000,1500,PETROL,AT,3450.0
NISSAN,NV350CARAVAN DX,NISSAN NV350CARAVAN DX,2015,193000,2500,DIESEL,AT,4500.0
TOYOTA,LITEACE VAN DX,TOYOTA LITEACE VAN DX,2016,192000,1500,PETROL,AT,3510.0
NISSAN,NV200VANETTE VAN GX,NISSAN NV200VANETTE VAN GX,2013,180000,1600,PETROL,AT,1970.0
NISSAN,NV200VANETTE VAN DX,NISSAN NV200VANETTE VAN DX,2020,152000,1600,PETROL,AT,5200.0
NISSAN,NV200VANETTE VAN DX,NISSAN NV200VANETTE VAN DX,2020,260000,1600,PETROL,AT,5100.0
NISSAN,NV350CARAVAN DX,NISSAN NV350CARAVAN DX,2015,180000,2500,DIESEL,AT,4500.0
TOYOTA,HIACE VAN DX GL PKG,TOYOTA HIACE VAN DX GL PKG,2012,178000,2000,PETROL,AT,7500.0
TOYOTA,COROLLA FIELDER 1.8S,TOYOTA COROLLA FIELDER 1.8S,2007,112000,1800,PETROL,AT,2550.0
MAZDA,FAMILIA VAN VE,MAZDA FAMILIA VAN VE,2019,144000,1500,PETROL,AT,5100.0
NISSAN,NOTE X DIG-S,NISSAN NOTE X DIG-S,2012,105000,1200,PETROL,AT,1100.0
TOYOTA,COROLLA FIELDER 1.5X,TOYOTA COROLLA FIELDER 1.5X,2007,138000,1500,PETROL,AT,2700.0
TOYOTA,COROLLA FIELDER HYBRID G,TOYOTA COROLLA FIELDER HYBRID G,2014,208000,1500,HYBRID(PETROL),AT,3100.0
TOYOTA,COROLLA FIELDER HYBRID G,TOYOTA COROLLA FIELDER HYBRID G,2014,106000,1500,HYBRID(PETROL),AT,3300.0
TOYOTA,COROLLA FIELDER HYBRID G AERO TOURER WXB,TOYOTA COROLLA FIELDER HYBRID G AERO TOURER WXB,2014,116000,1500,HYBRID(PETROL),AT,4300.0
TOYOTA,COROLLA FIELDER HYBRID G AERO TOURER,TOYOTA COROLLA FIELDER HYBRID G AERO TOURER,2014,165000,1500,HYBRID(PETROL),AT,3100.0
HONDA,ACTY VAN SDX,HONDA ACTY VAN SDX,2018,101000,660,PETROL,AT,2290.0
TOYOTA,WISH X S PACKAGE,TOYOTA WISH X S PACKAGE,2005,136000,1800,PETROL,AT,3100.0
TOYOTA,WISH 2.0Z,TOYOTA WISH 2.0Z,2009,159000,2000,PETROL,AT,2590.0
MITSUBISHI,ROSA 26SEATER,MITSUBISHI ROSA 26SEATER,2003,111000,4200,DIESEL,MT,19310.0
NISSAN,SYLPHY S,NISSAN SYLPHY S,2017,85000,1800,PETROL,AT,3380.0
HONDA,SHUTTLE HYBRID HONDA SENSING,HONDA SHUTTLE HYBRID HONDA SENSING,2018,159000,1500,HYBRID(PETROL),AT,4190.0
TOYOTA,PREMIO X L PKG,TOYOTA PREMIO X L PKG,2007,85000,1800,PETROL,AT,4680.0
TOYOTA,PREMIO F L PKG,TOYOTA PREMIO F L PKG,2005,84000,1500,PETROL,AT,4190.0
LEXUS,IS IS250 VERSION L,LEXUS IS IS250 VERSION L,2009,87000,2500,PETROL,AT,3380.0
TOYOTA,CROWN ATHLETE NAVI PKG,TOYOTA CROWN ATHLETE NAVI PKG,2008,136000,2500,PETROL,AT,3580.0
TOYOTA,VELLFIRE 2.4X,TOYOTA VELLFIRE 2.4X,2008,161000,2400,PETROL,AT,2460.0
TOYOTA,WISH G,TOYOTA WISH G,2003,94000,2000,PETROL,AT,1810.0
TOYOTA,VELLFIRE 2.4X,TOYOTA VELLFIRE 2.4X,2013,178000,2400,PETROL,AT,2780.0
NISSAN,XTRAIL 20S,NISSAN XTRAIL 20S,2009,258000,1990,PETROL,AT,2230.0
TOYOTA,COROLLA AXIO HYBRID G,TOYOTA COROLLA AXIO HYBRID G,2019,185000,1500,HYBRID(PETROL),AT,5380.0
HONDA,STEPWAGON SPADA S,HONDA STEPWAGON SPADA S,2014,128000,2000,PETROL,AT,4520.0
HINO,DUTRO 2.0t FLAT BODY,HINO DUTRO 2.0t FLAT BODY,2006,292000,4900,DIESEL,MT,9080.0
NISSAN,XTRAIL 20X EMERGENCY BRAKE PKG,NISSAN XTRAIL 20X EMERGENCY BRAKE PKG,2015,135000,1997,PETROL,AT,3800.0
NISSAN,XTRAIL 20XI,NISSAN XTRAIL 20XI,2021,61000,2000,PETROL,AT,9300.0
MITSUBISHI,CANTER TRUCK 1.25t W CAB,MITSUBISHI CANTER TRUCK 1.25t W CAB,2005,419000,3000,DIESEL,MT,4050.0
NISSAN,XTRAIL 20X BLACK EXTREMER X,NISSAN XTRAIL 20X BLACK EXTREMER X,2015,154000,2000,PETROL,AT,4240.0
NISSAN,XTRAIL 20X,NISSAN XTRAIL 20X,2011,139000,2000,PETROL,AT,2530.0
MERCEDES,C CLASS C200,MERCEDES C CLASS C200,2011,32000,1800,PETROL,AT,3980.0
HONDA,VEZEL E:HEV X,HONDA VEZEL E:HEV X,2021,64000,1500,HYBRID(PETROL),AT,13900.0
TOYOTA,VOXY X L EDITION,TOYOTA VOXY X L EDITION,2009,157000,2000,PETROL,AT,2100.0
MITSUBISHI,PAJERO MINI XR,MITSUBISHI PAJERO MINI XR,2007,135000,660,PETROL,AT,1560.0
SUZUKI,JIMNY XC,SUZUKI JIMNY XC,2005,164000,660,PETROL,AT,1700.0
TOYOTA,VOXY ZS KIRAMEKI,TOYOTA VOXY ZS KIRAMEKI,2018,111000,2000,PETROL,AT,10330.0
TOYOTA,VOXY ZS KIRAMEKI,TOYOTA VOXY ZS KIRAMEKI,2018,65000,2000,PETROL,AT,10650.0
TOYOTA,VOXY ZS KIRAMEKI,TOYOTA VOXY ZS KIRAMEKI,2015,209000,2000,PETROL,AT,6200.0
TOYOTA,VOXY ZS KIRAMEKI,TOYOTA VOXY ZS KIRAMEKI,2015,102000,2000,PETROL,AT,6460.0
TOYOTA,SIENTA G,TOYOTA SIENTA G,2009,138000,1500,PETROL,AT,2040.0
TOYOTA,VOXY ZS KIRAMEKI 2,TOYOTA VOXY ZS KIRAMEKI 2,2009,133000,2000,PETROL,AT,2200.0
MAZDA,CX5 XD,MAZDA CX5 XD,2013,51000,2200,DIESEL,AT,3150.0
MAZDA,CX3 XD,MAZDA CX3 XD,2015,148000,1500,DIESEL,AT,3250.0
TOYOTA,NOAH X SMART EDITION,TOYOTA NOAH X SMART EDITION,2010,216000,1980,PETROL,AT,2460.0
TOYOTA,ALLION A15 G PKG,TOYOTA ALLION A15 G PKG,2005,166000,1500,PETROL,AT,3480.0
TOYOTA,ALLION A15 G PKG,TOYOTA ALLION A15 G PKG,2005,80000,1500,PETROL,AT,3880.0
TOYOTA,NOAH X SPECIAL EDITION,TOYOTA NOAH X SPECIAL EDITION,2007,66000,2000,PETROL,AT,1620.0
TOYOTA,NOAH X V SELECTION,TOYOTA NOAH X V SELECTION,2004,82000,2000,PETROL,AT,1780.0
MITSUBISHI,EK WAGON M,MITSUBISHI EK WAGON M,2013,114000,660,PETROL,AT,1060.0
TOYOTA,LITEACE NOAH G 10 MILLION SELECTION,TOYOTA LITEACE NOAH G 10 MILLION SELECTION,2001,172000,2000,PETROL,AT,5040.0
MITSUBISHI,EK WAGON M,MITSUBISHI EK WAGON M,2018,114000,660,PETROL,AT,1790.0
TOYOTA,AQUA X,TOYOTA AQUA X,2023,42000,1500,HYBRID(PETROL),AT,6420.0
TOYOTA,RACTIS G,TOYOTA RACTIS G,2013,104000,1300,PETROL,AT,2400.0
TOYOTA,RACTIS X V PKG,TOYOTA RACTIS X V PKG,2013,35000,1300,PETROL,AT,2400.0
TOYOTA,RACTIS G SMART STOP SELECTION,TOYOTA RACTIS G SMART STOP SELECTION,2012,62000,1300,PETROL,AT,2300.0
TOYOTA,RACTIS LEPICE,TOYOTA RACTIS LEPICE,2011,91000,1500,PETROL,AT,2250.0
TOYOTA,PASSO X S,TOYOTA PASSO X S,2021,161000,1000,PETROL,AT,3500.0
TOYOTA,PASSO X S,TOYOTA PASSO X S,2019,121000,1000,PETROL,AT,3500.0
TOYOTA,PASSO X S,TOYOTA PASSO X S,2019,106000,1000,PETROL,AT,3600.0
DAIHATSU,MOVE L,DAIHATSU MOVE L,2015,181000,660,PETROL,AT,1200.0
DAIHATSU,MOVE X SA2,DAIHATSU MOVE X SA2,2015,195000,660,PETROL,AT,1200.0
DAIHATSU,MOVE CUSTOM G,DAIHATSU MOVE CUSTOM G,2011,121000,650,PETROL,AT,750.0
DAIHATSU,MOVE CUSTOM X LTD,DAIHATSU MOVE CUSTOM X LTD,2011,124000,660,PETROL,AT,750.0
TOYOTA,PASSO X S,TOYOTA PASSO X S,2019,87000,1000,PETROL,AT,3700.0
TOYOTA,AQUA L,TOYOTA AQUA L,2021,238000,1500,HYBRID(PETROL),AT,4000.0
TOYOTA,AQUA L,TOYOTA AQUA L,2021,153000,1500,HYBRID(PETROL),AT,4100.0
TOYOTA,PASSO X S,TOYOTA PASSO X S,2019,84000,1000,PETROL,AT,3650.0
TOYOTA,AQUA L,TOYOTA AQUA L,2018,138000,1500,HYBRID(PETROL),AT,3950.0
TOYOTA,AQUA L,TOYOTA AQUA L,2018,125000,1500,HYBRID(PETROL),AT,3960.0
TOYOTA,PASSO X L PKG S,TOYOTA PASSO X L PKG S,2018,88000,1000,PETROL,AT,3100.0
TOYOTA,PASSO X,TOYOTA PASSO X,2018,75000,1000,PETROL,AT,3150.0
NISSAN,TIIDA 15M,NISSAN TIIDA 15M,2012,40000,1500,PETROL,AT,1200.0
TOYOTA,PIXIS EPOCH L,TOYOTA PIXIS EPOCH L,2014,76000,660,PETROL,AT,1700.0
DAIHATSU,MOVE CUSTOM X,DAIHATSU MOVE CUSTOM X,2007,120000,660,PETROL,AT,680.0
DAIHATSU,MOVE L,DAIHATSU MOVE L,2007,204000,660,PETROL,AT,700.0
DAIHATSU,MOVE X LTD,DAIHATSU MOVE X LTD,2007,100000,660,PETROL,AT,750.0
DAIHATSU,MOVE CUSTOM X LTD,DAIHATSU MOVE CUSTOM X LTD,2007,105000,660,PETROL,AT,680.0
DAIHATSU,MIRA ES L SA,DAIHATSU MIRA ES L SA,2014,103000,660,PETROL,AT,1350.0
TOYOTA,HARRIER PREMIUM,TOYOTA HARRIER PREMIUM,2014,182000,2000,PETROL,AT,8400.0
TOYOTA,PASSO MODA S,TOYOTA PASSO MODA S,2017,117000,1000,PETROL,AT,3100.0
NISSAN,MARCH S,NISSAN MARCH S,2017,171000,1200,PETROL,AT,2000.0
HONDA,FREED G AERO JUST SELECTION,HONDA FREED G AERO JUST SELECTION,2010,136000,1500,PETROL,AT,1420.0
NISSAN,MARCH S,NISSAN MARCH S,2015,138000,1200,PETROL,AT,1250.0
NISSAN,MARCH X V SELECTION,NISSAN MARCH X V SELECTION,2016,104000,1200,PETROL,AT,1890.0
NISSAN,MARCH X V SELECTION,NISSAN MARCH X V SELECTION,2014,126000,1200,PETROL,AT,1150.0
TOYOTA,PASSO X G PKG,TOYOTA PASSO X G PKG,2017,44000,1000,PETROL,AT,3150.0
BMW,X1,BMW X1,2011,99000,2000,PETROL,AT,1950.0
TOYOTA,VANGUARD 240S,TOYOTA VANGUARD 240S,2011,199000,2400,PETROL,AT,5030.0
HONDA,FIT BASIC,HONDA FIT BASIC,2021,122000,1300,PETROL,AT,5800.0
TOYOTA,VANGUARD 240S PKG,TOYOTA VANGUARD 240S PKG,2010,132000,2400,PETROL,AT,5800.0
HONDA,LIFE DIVA SMART STYLE,HONDA LIFE DIVA SMART STYLE,2011,128000,660,PETROL,AT,800.0
TOYOTA,VANGUARD 240S,TOYOTA VANGUARD 240S,2008,231000,2400,PETROL,AT,4600.0
TOYOTA,AURIS 180G,TOYOTA AURIS 180G,2006,122000,1800,PETROL,AT,2250.0
TOYOTA,RAV4,TOYOTA RAV4,2021,57000,2000,PETROL,AT,14800.0
NISSAN,KICKS X,NISSAN KICKS X,2022,105000,1200,HYBRID(PETROL),AT,8300.0
SUZUKI,HUSTLER G,SUZUKI HUSTLER G,2017,206000,660,HYBRID(PETROL),AT,1840.0
SUZUKI,HUSTLER G,SUZUKI HUSTLER G,2019,50000,660,HYBRID(PETROL),AT,3500.0
TOYOTA,HARRIER PREMIUM ADVANCED PKG,TOYOTA HARRIER PREMIUM ADVANCED PKG,2015,135000,2000,PETROL,AT,7800.0
TOYOTA,HARRIER G,TOYOTA HARRIER G,2023,114000,2000,PETROL,AT,15500.0
SUBARU,FORESTER 2.0XT EYESITE,SUBARU FORESTER 2.0XT EYESITE,2018,36000,2000,PETROL,AT,7600.0
MAZDA,DEMIO 13C,MAZDA DEMIO 13C,2018,78000,1300,PETROL,AT,3930.0
SUBARU,FORESTER X BRAKE,SUBARU FORESTER X BRAKE,2015,125000,2000,PETROL,AT,4900.0
MAZDA,DEMIO 13S TOURING,MAZDA DEMIO 13S TOURING,2017,93000,1300,PETROL,AT,3550.0
SUBARU,FORESTER 2.0I L EYESIGHT,SUBARU FORESTER 2.0I L EYESIGHT,2013,149000,2000,PETROL,AT,4500.0
MAZDA,DEMIO 13 SKYACTIVE,MAZDA DEMIO 13 SKYACTIVE,2013,211000,1300,PETROL,AT,1450.0
TOYOTA,ESQUIRE GI PREMIUM PKG,TOYOTA ESQUIRE GI PREMIUM PKG,2018,87000,2000,PETROL,AT,8910.0
TOYOTA,ESQUIRE Xi,TOYOTA ESQUIRE Xi,2015,91000,2000,PETROL,AT,5170.0
NISSAN,DAYZ ROOX X,NISSAN DAYZ ROOX X,2019,33000,660,PETROL,AT,2850.0
TOYOTA,ALPHARD 350X,TOYOTA ALPHARD 350X,2010,138000,3500,PETROL,AT,3230.0
TOYOTA,AQUA S STYLE BLACK,TOYOTA AQUA S STYLE BLACK,2017,147000,1500,HYBRID(PETROL),AT,3700.0
TOYOTA,ALPHARD 240S LIMITED,TOYOTA ALPHARD 240S LIMITED,2010,224000,2400,PETROL,AT,3100.0
TOYOTA,AQUA S,TOYOTA AQUA S,2017,141000,1500,HYBRID(PETROL),AT,3950.0
SUBARU,FORESTER AIR BREAK,SUBARU FORESTER AIR BREAK,2006,67000,2000,PETROL,AT,2800.0
TOYOTA,AQUA L,TOYOTA AQUA L,2016,220000,1500,HYBRID(PETROL),AT,3150.0
TOYOTA,AQUA S STYLE BLACK,TOYOTA AQUA S STYLE BLACK,2016,173000,1500,HYBRID(PETROL),AT,3360.0
TOYOTA,AQUA S,TOYOTA AQUA S,2016,247000,1500,HYBRID(PETROL),AT,3250.0
TOYOTA,ALPHARD AS LTD,TOYOTA ALPHARD AS LTD,2005,162000,2400,PETROL,AT,2520.0
TOYOTA,HIACE VAN SUPER GL-E,TOYOTA HIACE VAN SUPER GL-E,2003,100000,2000,PETROL,AT,9200.0
TOYOTA,REGIUSACE VAN DX GL PKG,TOYOTA REGIUSACE VAN DX GL PKG,2008,253000,3000,DIESEL,AT,6410.0
HINO,RANGER 3.3t DUMP,HINO RANGER 3.3t DUMP,2013,100000,5100,DIESEL,6MT,15930.0
TOYOTA,TOYOACE TRUCK 1.25t FLAT BODY,TOYOTA TOYOACE TRUCK 1.25t FLAT BODY,1997,109000,2800,DIESEL,MT,6920.0
HONDA,FIT L,HONDA FIT L,2011,120000,1300,PETROL,AT,1700.0
HONDA,FIT G,HONDA FIT G,2011,204000,1300,PETROL,AT,1600.0
TOYOTA,COROLLA HYBRID G-X,TOYOTA COROLLA HYBRID G-X,2020,154000,1800,HYBRID(PETROL),AT,7580.0
BMW,3 SERIES 320I M SPORT PKG,BMW 3 SERIES 320I M SPORT PKG,2011,73000,2000,PETROL,AT,1980.0
TOYOTA,ALLION A15,TOYOTA ALLION A15,2011,176000,1500,PETROL,AT,5810.0
TOYOTA,PREMIO F,TOYOTA PREMIO F,2017,95000,1500,PETROL,AT,10780.0
TOYOTA,ALLION A15 G PKG,TOYOTA ALLION A15 G PKG,2008,95000,1500,PETROL,AT,5050.0
TOYOTA,ALLION A15,TOYOTA ALLION A15,2006,47000,1500,PETROL,AT,4010.0
NISSAN,LATIO G,NISSAN LATIO G,2014,134000,1200,PETROL,AT,1520.0
TOYOTA,MARK X 250G F PKG,TOYOTA MARK X 250G F PKG,2014,120000,2500,PETROL,AT,4160.0
TOYOTA,CROWN ROYAL SALOON,TOYOTA CROWN ROYAL SALOON,2012,227000,2500,PETROL,AT,2480.0
TOYOTA,CROWN HYBRID ROYAL SALOON,TOYOTA CROWN HYBRID ROYAL SALOON,2016,143000,2500,HYBRID(PETROL),AT,8380.0
TOYOTA,DYNA 2.0t FLAT BODY,TOYOTA DYNA 2.0t FLAT BODY,2019,261000,4000,DIESEL,MT,12200.0
MITSUBISHI,EK WAGON G,MITSUBISHI EK WAGON G,2009,121000,660,PETROL,AT,1070.0
TOYOTA,HARRIER HYBRID G LEATHER PACKAGE,TOYOTA HARRIER HYBRID G LEATHER PACKAGE,2021,86000,2487,HYBRID(PETROL),AT,15500.0
TOYOTA,HARRIER HYBRID ELEGANCE,TOYOTA HARRIER HYBRID ELEGANCE,2014,94000,2493,HYBRID(PETROL),AT,8200.0
SUZUKI,ALTO L,SUZUKI ALTO L,2019,100000,660,PETROL,AT,2440.0
HONDA,FIT HYBRID HYBRID S HONDA SENSING,HONDA FIT HYBRID HYBRID S HONDA SENSING,2017,109000,1500,HYBRID(PETROL),AT,5100.0
HONDA,FIT HYBRID HYBRID L HONDA SENSING,HONDA FIT HYBRID HYBRID L HONDA SENSING,2017,192000,1500,HYBRID(PETROL),AT,4510.0
HONDA,FIT HYBRID HYBRID L HONDA SENSING,HONDA FIT HYBRID HYBRID L HONDA SENSING,2019,135000,1500,HYBRID(PETROL),AT,5500.0
TOYOTA,TOWNACE VAN DX,TOYOTA TOWNACE VAN DX,2021,165000,1500,PETROL,AT,5710.0
TOYOTA,TOWNACE VAN DX,TOYOTA TOWNACE VAN DX,2020,235000,1500,PETROL,AT,5200.0
TOYOTA,SUCCEED VAN UL-X,TOYOTA SUCCEED VAN UL-X,2017,117000,1500,PETROL,AT,4750.0
TOYOTA,HIACE VAN DX,TOYOTA HIACE VAN DX,2019,156000,2000,PETROL,AT,9000.0
TOYOTA,COROLLA FIELDER HYBRID,TOYOTA COROLLA FIELDER HYBRID,2019,159000,1500,HYBRID(PETROL),AT,5890.0
HONDA,ACTY VAN SDX,HONDA ACTY VAN SDX,2017,141000,660,PETROL,AT,2240.0
HONDA,FIT HYBRID HYBRID L PKG,HONDA FIT HYBRID HYBRID L PKG,2014,121000,1500,HYBRID(PETROL),AT,2340.0
HONDA,FIT HYBRID HYBRID F PACKAGE,HONDA FIT HYBRID HYBRID F PACKAGE,2014,125000,1500,HYBRID(PETROL),AT,2260.0
HONDA,FIT HYBRID HYBRID F PACKAGE,HONDA FIT HYBRID HYBRID F PACKAGE,2015,139000,1500,HYBRID(PETROL),AT,2200.0
NISSAN,NOTE X V SELECTION + SAFETY II,NISSAN NOTE X V SELECTION + SAFETY II,2016,93000,1200,PETROL,AT,2540.0
TOYOTA,PORTE F A LA MODE,TOYOTA PORTE F A LA MODE,2015,186000,1500,PETROL,AT,1500.0
NISSAN,NOTE MEDALIST X,NISSAN NOTE MEDALIST X,2020,47000,1200,PETROL,AT,4040.0
NISSAN,NOTE X V SELECTION PLUS SAFETY 2,NISSAN NOTE X V SELECTION PLUS SAFETY 2,2016,40000,1200,PETROL,AT,2430.0
TOYOTA,RAV4 G,TOYOTA RAV4 G,2020,86000,2000,PETROL,AT,14500.0
NISSAN,JUKE 15RX TYPE V,NISSAN JUKE 15RX TYPE V,2013,85000,1500,PETROL,AT,2610.0
MAZDA,AXELA SPORT 20C SKY ACTIVE,MAZDA AXELA SPORT 20C SKY ACTIVE,2012,116000,2000,PETROL,AT,1300.0
HONDA,FIT HYBRID HYBRID,HONDA FIT HYBRID HYBRID,2014,117000,1300,HYBRID(PETROL),AT,1640.0
SUZUKI,ALTO G,SUZUKI ALTO G,2012,61000,660,PETROL,AT,1010.0
TOYOTA,VELLFIRE 2.4Z,TOYOTA VELLFIRE 2.4Z,2013,220000,2400,PETROL,AT,2590.0
TOYOTA,VELLFIRE Z PLATINUM SELECTION,TOYOTA VELLFIRE Z PLATINUM SELECTION,2010,145000,2400,PETROL,AT,2780.0
DAIHATSU,MIRA L,DAIHATSU MIRA L,2007,169000,660,PETROL,AT,1130.0
NISSAN,NOTE X DIG-S,NISSAN NOTE X DIG-S,2013,155000,1200,PETROL,AT,1160.0
HONDA,FIT HYBRID HYBRID SMART SELECTION,HONDA FIT HYBRID HYBRID SMART SELECTION,2011,144000,1300,HYBRID(PETROL),AT,1400.0
NISSAN,NOTE X,NISSAN NOTE X,2013,130000,1200,PETROL,AT,1210.0
TOYOTA,VITZ U,TOYOTA VITZ U,2010,42000,1500,PETROL,AT,2480.0
TOYOTA,VELLFIRE Z PLATINUM SELECTION,TOYOTA VELLFIRE Z PLATINUM SELECTION,2010,138000,2400,PETROL,AT,2780.0
HONDA,STEPWAGON SPADA Z COOL SPIRIT,HONDA STEPWAGON SPADA Z COOL SPIRIT,2014,119000,2000,PETROL,AT,5040.0
HONDA,STEPWAGON G COMFORT SELECTION,HONDA STEPWAGON G COMFORT SELECTION,2013,167000,2000,PETROL,AT,1360.0
HONDA,FREED G JUST SELECTION,HONDA FREED G JUST SELECTION,2015,233000,1500,PETROL,AT,2080.0
HONDA,FREED G JUST SELECTION,HONDA FREED G JUST SELECTION,2011,152000,1500,PETROL,AT,1260.0
HONDA,FREED G JUST SELECTION,HONDA FREED G JUST SELECTION,2011,190000,1500,PETROL,AT,1170.0
HONDA,FREED G JUST SELECTION,HONDA FREED G JUST SELECTION,2011,278000,1500,PETROL,AT,1110.0
HONDA,FREED G JUST SELECTION,HONDA FREED G JUST SELECTION,2011,122000,1500,PETROL,AT,1290.0
HONDA,FREED G JUST SELECTION,HONDA FREED G JUST SELECTION,2011,135000,1500,PETROL,AT,1290.0
SUZUKI,SWIFT XG,SUZUKI SWIFT XG,2011,169000,1200,PETROL,AT,1250.0
SUZUKI,SWIFT XG L PKG,SUZUKI SWIFT XG L PKG,2007,111000,1200,PETROL,AT,860.0
SUZUKI,SWIFT XL,SUZUKI SWIFT XL,2011,105000,1200,PETROL,AT,1350.0
NISSAN,TIIDA 15M,NISSAN TIIDA 15M,2009,106000,1500,PETROL,AT,1150.0
NISSAN,TIIDA 15M,NISSAN TIIDA 15M,2009,59000,1500,PETROL,AT,1200.0
TOYOTA,RACTIS LEPICE,TOYOTA RACTIS LEPICE,2011,63000,1300,PETROL,AT,2400.0
TOYOTA,RACTIS G HID SELECTION,TOYOTA RACTIS G HID SELECTION,2010,88000,1500,PETROL,AT,2200.0
HONDA,INSIGHT G,HONDA INSIGHT G,2009,135000,1300,HYBRID(PETROL),AT,950.0
HONDA,INSIGHT G,HONDA INSIGHT G,2009,197000,1300,HYBRID(PETROL),AT,900.0
HONDA,INSIGHT L,HONDA INSIGHT L,2009,126000,1300,HYBRID(PETROL),AT,950.0
HONDA,INSIGHT G,HONDA INSIGHT G,2011,54000,1300,HYBRID(PETROL),AT,1010.0
TOYOTA,PASSO X L PKG S,TOYOTA PASSO X L PKG S,2020,25000,1000,PETROL,AT,4000.0
HONDA,FIT 13G L HONDA SENSING,HONDA FIT 13G L HONDA SENSING,2019,71000,1300,PETROL,AT,5700.0
HONDA,FREED G JUST SELECTION,HONDA FREED G JUST SELECTION,2010,113000,1500,PETROL,AT,1330.0
HONDA,FREED G AERO HIGHWAY EDITION,HONDA FREED G AERO HIGHWAY EDITION,2010,127000,1500,PETROL,AT,1460.0
HONDA,FREED G JUST SELECTION,HONDA FREED G JUST SELECTION,2011,86000,1500,PETROL,AT,1340.0
HONDA,VEZEL HYBRID Z HONDA SENSING,HONDA VEZEL HYBRID Z HONDA SENSING,2017,112000,1500,HYBRID(PETROL),AT,8160.0
HONDA,VEZEL HYBRID X HONDA SENSING,HONDA VEZEL HYBRID X HONDA SENSING,2017,105000,1500,HYBRID(PETROL),AT,8150.0
HONDA,VEZEL HYBRID RS HONDA SENSING,HONDA VEZEL HYBRID RS HONDA SENSING,2017,148000,1500,HYBRID(PETROL),AT,8200.0
TOYOTA,PASSO X IRODORI,TOYOTA PASSO X IRODORI,2009,70000,1000,PETROL,AT,900.0
HONDA,LIFE G,HONDA LIFE G,2012,138000,660,PETROL,AT,780.0
HONDA,FREED G L PKG,HONDA FREED G L PKG,2009,172000,1500,PETROL,AT,1170.0
HONDA,FREED G JUST SELECTION,HONDA FREED G JUST SELECTION,2009,189000,1500,PETROL,AT,1140.0
HONDA,FREED G AERO JUST SELECTION,HONDA FREED G AERO JUST SELECTION,2009,171000,1500,PETROL,AT,1230.0
HONDA,FREED G AERO L PKG,HONDA FREED G AERO L PKG,2009,167000,1500,PETROL,AT,1290.0
HONDA,FREED G JUST SELECTION,HONDA FREED G JUST SELECTION,2009,105000,1500,PETROL,AT,1230.0
NISSAN,XTRAIL AUTECH I PKG,NISSAN XTRAIL AUTECH I PKG,2019,200000,1997,PETROL,AT,7700.0
HONDA,LIFE DIVA SMART STYLE,HONDA LIFE DIVA SMART STYLE,2011,109000,660,PETROL,AT,830.0
HONDA,FREED G L PACKAGE,HONDA FREED G L PACKAGE,2008,183000,1500,PETROL,AT,1100.0
HONDA,VEZEL HYBRID X HONDA SENSING,HONDA VEZEL HYBRID X HONDA SENSING,2020,126000,1500,HYBRID(PETROL),AT,10400.0
TOYOTA,ALPHARD 2.5X,TOYOTA ALPHARD 2.5X,2020,76000,2500,PETROL,AT,14840.0
LEXUS,NX NX200T I PKG,LEXUS NX NX200T I PKG,2014,180000,2000,PETROL,AT,10100.0
TOYOTA,ALPHARD 2.5S A PKG  TYPE BLACK,TOYOTA ALPHARD 2.5S A PKG  TYPE BLACK,2017,133000,2500,PETROL,AT,10970.0
HONDA,LIFE G,HONDA LIFE G,2011,97000,660,PETROL,AT,760.0
TOYOTA,ALPHARD S C PKG,TOYOTA ALPHARD S C PKG,2016,145000,2500,PETROL,AT,11940.0
HONDA,FIT G SMART STYLE EDITION,HONDA FIT G SMART STYLE EDITION,2009,133000,1300,PETROL,AT,1650.0
MAZDA,CX5 XD,MAZDA CX5 XD,2013,122000,2200,DIESEL,AT,3220.0
MAZDA,CX5 XD L PKG,MAZDA CX5 XD L PKG,2015,220000,2200,DIESEL,AT,3480.0
HONDA,FIT 1.3A,HONDA FIT 1.3A,2006,99000,1300,PETROL,AT,1500.0
MAZDA,DEMIO 13C V SMART EDITION 2,MAZDA DEMIO 13C V SMART EDITION 2,2014,106000,1300,PETROL,AT,1950.0
MAZDA,DEMIO 13C V,MAZDA DEMIO 13C V,2007,73000,1300,PETROL,AT,1350.0
NISSAN,DAYZ B,NISSAN DAYZ B,2019,73000,660,PETROL,AT,3010.0
TOYOTA,AQUA L,TOYOTA AQUA L,2020,202000,1500,HYBRID(PETROL),AT,4240.0
TOYOTA,AQUA L,TOYOTA AQUA L,2017,110000,1500,HYBRID(PETROL),AT,3690.0
TOYOTA,AQUA S,TOYOTA AQUA S,2017,141000,1500,HYBRID(PETROL),AT,3700.0
NISSAN,WINGROAD 15B,NISSAN WINGROAD 15B,2015,169000,1500,PETROL,AT,1420.0
NISSAN,SYLPHY S,NISSAN SYLPHY S,2016,75000,1800,PETROL,AT,3020.0
HONDA,SHUTTLE HYBRID X,HONDA SHUTTLE HYBRID X,2017,142000,1500,HYBRID(PETROL),AT,4280.0
TOYOTA,PREMIO F,TOYOTA PREMIO F,2015,189000,1500,PETROL,AT,7020.0
TOYOTA,MARK X 250G,TOYOTA MARK X 250G,2007,55000,2500,PETROL,AT,1790.0
TOYOTA,CROWN ROYAL SALOON,TOYOTA CROWN ROYAL SALOON,2007,209000,3000,PETROL,AT,1880.0
TOYOTA,CROWN ROYAL SALOON,TOYOTA CROWN ROYAL SALOON,2004,89000,2500,PETROL,AT,1780.0
TOYOTA,CROWN ATHLETE,TOYOTA CROWN ATHLETE,2004,186000,2500,PETROL,AT,2380.0
TOYOTA,COROLLA AXIO X,TOYOTA COROLLA AXIO X,2017,23000,1500,PETROL,AT,6780.0
MERCEDES,C CLASS C200 AVANTGARDE AMG LINE,MERCEDES C CLASS C200 AVANTGARDE AMG LINE,2014,59000,2000,PETROL,AT,8910.0
TOYOTA,ALLION A15 STANDARD PKG,TOYOTA ALLION A15 STANDARD PKG,2005,113000,1500,PETROL,AT,3590.0
HONDA,FIT G F PACKAGE,HONDA FIT G F PACKAGE,2009,124000,1300,PETROL,AT,1810.0
HONDA,FIT G HIGHWAY EDITION,HONDA FIT G HIGHWAY EDITION,2009,215000,1300,PETROL,AT,1700.0
ISUZU,ELF TRUCK 3.0t FLAT BODY,ISUZU ELF TRUCK 3.0t FLAT BODY,2009,332000,2990,DIESEL,6MT,7480.0
ISUZU,ELF TRUCK 2.0t DUMP,ISUZU ELF TRUCK 2.0t DUMP,2007,19000,4770,DIESEL,MT,11880.0
ISUZU,ELF TRUCK 3.0t FLAT BODY,ISUZU ELF TRUCK 3.0t FLAT BODY,2014,382000,2990,DIESEL,6MT,8200.0
MITSUBISHI,FIGHTER 3.5t DUMP,MITSUBISHI FIGHTER 3.5t DUMP,2012,154000,7540,DIESEL,6MT,13800.0
NISSAN,TEANA XL,NISSAN TEANA XL,2015,86000,2500,PETROL,AT,2490.0
MITSUBISHI,FIGHTER 3.5t DUMP,MITSUBISHI FIGHTER 3.5t DUMP,2012,263000,7540,DIESEL,6MT,13120.0
MITSUBISHI,FIGHTER 2.9t ALUMINUM WING,MITSUBISHI FIGHTER 2.9t ALUMINUM WING,2006,87000,7540,DIESEL,6MT,10600.0
MITSUBISHI,FIGHTER 2.85t ALUMINUM WING,MITSUBISHI FIGHTER 2.85t ALUMINUM WING,2005,616000,7540,DIESEL,6MT,10600.0
MITSUBISHI,FIGHTER 3.55t DUMP,MITSUBISHI FIGHTER 3.55t DUMP,2011,166000,7540,DIESEL,6MT,13290.0
TOYOTA,TOYOACE TRUCK 1.5t FLAT BODY,TOYOTA TOYOACE TRUCK 1.5t FLAT BODY,1988,153000,2440,DIESEL,MT,6480.0
TOYOTA,NOAH HYBRID G,TOYOTA NOAH HYBRID G,2014,154000,1800,HYBRID(PETROL),AT,4520.0
TOYOTA,DYNA 2.0t FLAT BODY,TOYOTA DYNA 2.0t FLAT BODY,2005,273000,4000,DIESEL,MT,8650.0
ISUZU,ELF TRUCK 2.0t FLAT BODY,ISUZU ELF TRUCK 2.0t FLAT BODY,2004,395000,4770,DIESEL,MT,4950.0
HONDA,FIT G,HONDA FIT G,2009,107000,1300,PETROL,AT,1800.0
MITSUBISHI,CANTER TRUCK 2.0t BOX,MITSUBISHI CANTER TRUCK 2.0t BOX,2009,541000,3000,DIESEL,MT,6970.0
MITSUBISHI,CANTER TRUCK 2.0t DUMP HIGH DECK,MITSUBISHI CANTER TRUCK 2.0t DUMP HIGH DECK,2007,176000,2970,DIESEL,MT,11290.0
HINO,RANGER 3.75t DUMP,HINO RANGER 3.75t DUMP,2005,161000,4720,DIESEL,6MT,11200.0
NISSAN,ATLAS TRUCK 1.15t W CAB,NISSAN ATLAS TRUCK 1.15t W CAB,2015,186000,2950,DIESEL,MT,5930.0
NISSAN,ATLAS TRUCK 2.0t FLAT BODY,NISSAN ATLAS TRUCK 2.0t FLAT BODY,1993,150000,4210,DIESEL,MT,5180.0
HINO,DUTRO 1.85t FLAT BODY,HINO DUTRO 1.85t FLAT BODY,2010,263000,4000,DIESEL,MT,7950.0
TOYOTA,DYNA 2.0t FLAT BODY,TOYOTA DYNA 2.0t FLAT BODY,2001,297000,4610,DIESEL,MT,8950.0
MITSUBISHI,CANTER TRUCK 2.0t DUMP,MITSUBISHI CANTER TRUCK 2.0t DUMP,2013,223000,2990,DIESEL,MT,9800.0
MITSUBISHI,CANTER TRUCK 2.0t DUMP,MITSUBISHI CANTER TRUCK 2.0t DUMP,2012,272000,2990,DIESEL,DUONIC,8600.0
MITSUBISHI,CANTER TRUCK 1.5t FLAT BODY,MITSUBISHI CANTER TRUCK 1.5t FLAT BODY,2006,150000,2970,DIESEL,MT,6480.0
TOYOTA,YARIS X,TOYOTA YARIS X,2021,76000,1000,PETROL,AT,5200.0
TOYOTA,DYNA 2.0t FLAT BODY,TOYOTA DYNA 2.0t FLAT BODY,1985,97000,2970,DIESEL,MT,8000.0
DAIHATSU,DELTA TRUCK 2.0t FLAT BODY,DAIHATSU DELTA TRUCK 2.0t FLAT BODY,2001,314000,3660,DIESEL,MT,9650.0
MITSUBISHI,ROSA 14SEATER  WELCAB,MITSUBISHI ROSA 14SEATER  WELCAB,2018,544000,2990,DIESEL,DUONIC,8970.0
NISSAN,NOTE X DIG-S,NISSAN NOTE X DIG-S,2016,41000,1200,PETROL,AT,2630.0
